{
	"info": {
		"_postman_id": "ddb681e4-54ba-4b3a-8dc5-3931ae0e937c",
		"name": "Giphy",
		"schema": "https://schema.getpostman.com/json/collection/v2.1.0/collection.json"
	},
	"item": [
		{
			"name": "get tags",
			"request": {
				"method": "GET",
				"header": [],
				"url": {
					"raw": "http://localhost:3000/tags",
					"protocol": "http",
					"host": [
						"localhost"
					],
					"port": "3000",
					"path": [
						"tags"
					]
				}
			},
			"response": []
		},
		{
			"name": "login",
			"request": {
				"method": "POST",
				"header": [],
				"body": {
					"mode": "raw",
					"raw": "{\r\n    \"username\": \"username1\",\r\n    \"password\": \"123456\"\r\n}",
					"options": {
						"raw": {
							"language": "json"
						}
					}
				},
				"url": {
					"raw": "http://localhost:3000/login",
					"protocol": "http",
					"host": [
						"localhost"
					],
					"port": "3000",
					"path": [
						"login"
					]
				}
			},
			"response": []
		},
		{
			"name": "get gifs",
			"request": {
				"method": "GET",
				"header": [],
				"url": {
					"raw": "http://localhost:3000/gifs?_page=2&_limit=10",
					"protocol": "http",
					"host": [
						"localhost"
					],
					"port": "3000",
					"path": [
						"gifs"
					],
					"query": [
						{
							"key": "_page",
							"value": "2"
						},
						{
							"key": "_limit",
							"value": "10"
						}
					]
				}
			},
			"response": []
		},
		{
			"name": "search Tags",
			"request": {
				"method": "GET",
				"header": [],
				"url": {
					"raw": "http://localhost:3000/tags?q=sea",
					"protocol": "http",
					"host": [
						"localhost"
					],
					"port": "3000",
					"path": [
						"tags"
					],
					"query": [
						{
							"key": "q",
							"value": "sea"
						}
					]
				}
			},
			"response": []
		},
		{
			"name": "get gif detail by slug",
			"request": {
				"method": "GET",
				"header": [],
				"url": {
					"raw": ""
				}
			},
			"response": []
		},
		{
			"name": "get user info",
			"request": {
				"auth": {
					"type": "apikey",
					"apikey": [
						{
							"key": "key",
							"value": "admin-token",
							"type": "string"
						}
					]
				},
				"method": "GET",
				"header": [
					{
						"key": "authorization",
						"value": "admin-token",
						"type": "text"
					}
				],
				"url": {
					"raw": "http://localhost:3000/users?username=username1",
					"protocol": "http",
					"host": [
						"localhost"
					],
					"port": "3000",
					"path": [
						"users"
					],
					"query": [
						{
							"key": "username",
							"value": "username1"
						}
					]
				}
			},
			"response": []
		},
		{
			"name": "user favour gif",
			"request": {
				"method": "PATCH",
				"header": [
					{
						"key": "authorization",
						"value": "3dba-0ea1",
						"type": "text"
					}
				],
				"body": {
					"mode": "raw",
					"raw": "{\r\n    \"gifId\": 2\r\n}",
					"options": {
						"raw": {
							"language": "json"
						}
					}
				},
				"url": {
					"raw": "http://localhost:3000/user",
					"protocol": "http",
					"host": [
						"localhost"
					],
					"port": "3000",
					"path": [
						"user"
					]
				}
			},
			"response": []
		},
		{
			"name": "get users",
			"request": {
				"method": "GET",
				"header": [],
				"url": {
					"raw": ""
				}
			},
			"response": []
		},
		{
			"name": "register",
			"request": {
				"method": "POST",
				"header": [
					{
						"key": "Content-Type",
						"value": "application/json",
						"type": "text"
					}
				],
				"body": {
					"mode": "raw",
					"raw": "{\r\n      \"username\": \"username1\",\r\n      \"password\": \"123456\"\r\n    }",
					"options": {
						"raw": {
							"language": "json"
						}
					}
				},
				"url": {
					"raw": "http://localhost:3000/register",
					"protocol": "http",
					"host": [
						"localhost"
					],
					"port": "3000",
					"path": [
						"register"
					]
				}
			},
			"response": []
		},
		{
			"name": "post new tag",
			"request": {
				"method": "POST",
				"header": [],
				"body": {
					"mode": "raw",
					"raw": "{\r\n    \"name\": \"christmas\"\r\n}",
					"options": {
						"raw": {
							"language": "json"
						}
					}
				},
				"url": {
					"raw": "http://localhost:3000/tags",
					"protocol": "http",
					"host": [
						"localhost"
					],
					"port": "3000",
					"path": [
						"tags"
					]
				}
			},
			"response": []
		},
		{
			"name": "get user info",
			"request": {
				"method": "GET",
				"header": [],
				"url": {
					"raw": ""
				}
			},
			"response": []
		},
		{
			"name": "post gif",
			"request": {
				"method": "POST",
				"header": [
					{
						"key": "Authorization",
						"value": "3692-5f62",
						"type": "text"
					}
				],
				"body": {
					"mode": "raw",
					"raw": "{\r\n    \"title\": \"Test upload\",\r\n    \"tags\" : [\"newYear\"],\r\n    \"imgBase64\": \"\"\r\n}",
					"options": {
						"raw": {
							"language": "json"
						}
					}
				},
				"url": {
					"raw": "http://localhost:3000/gifs",
					"protocol": "http",
					"host": [
						"localhost"
					],
					"port": "3000",
					"path": [
						"gifs"
					]
				}
			},
			"response": []
		},
		{
			"name": "get user favorite lists",
			"request": {
				"method": "GET",
				"header": [
					{
						"key": "Authorization",
						"value": "874d-f911",
						"type": "text"
					}
				],
				"url": {
					"raw": "http://localhost:3000/gifs/favourite",
					"protocol": "http",
					"host": [
						"localhost"
					],
					"port": "3000",
					"path": [
						"gifs",
						"favourite"
					]
				}
			},
			"response": []
		},
		{
			"name": "get posted gifs",
			"request": {
				"method": "GET",
				"header": [
					{
						"key": "Authorization",
						"value": "9af4-2531",
						"type": "text"
					}
				],
				"url": {
					"raw": "http://localhost:3000/gifs/posted",
					"protocol": "http",
					"host": [
						"localhost"
					],
					"port": "3000",
					"path": [
						"gifs",
						"posted"
					]
				}
			},
			"response": []
		}
	]
}